<?xml version="1.0" encoding="UTF-8"?>
<project-private xmlns="http://www.netbeans.org/ns/project-private/1">
    <editor-bookmarks xmlns="http://www.netbeans.org/ns/editor-bookmarks/2" lastBookmarkId="0"/>
    <open-files xmlns="http://www.netbeans.org/ns/projectui-open-files/2">
        <group>
            <file>file:/home/micheal/Downloads/Vending_Machine_Micheal_Luong-master/Vending_Machine_Micheal_Luong/src/vending_machine_micheal_luong/Sound.java</file>
            <file>file:/home/micheal/Downloads/Vending_Machine_Micheal_Luong-master/Vending_Machine_Micheal_Luong/src/vending_machine_micheal_luong/Option_JMenu.java</file>
            <file>file:/home/micheal/Downloads/Vending_Machine_Micheal_Luong-master/Vending_Machine_Micheal_Luong/src/vending_machine_micheal_luong/Vending_Machine_Micheal_Luong.java</file>
            <file>file:/home/micheal/Downloads/Vending_Machine_Micheal_Luong-master/Vending_Machine_Micheal_Luong/src/vending_machine_micheal_luong/Candy.java</file>
            <file>file:/home/micheal/Downloads/Vending_Machine_Micheal_Luong-master/Vending_Machine_Micheal_Luong/src/vending_machine_micheal_luong/Vending_Machine.java</file>
        </group>
    </open-files>
</project-private>
